{
    "loss": 0.6820525527000427,
    "accuracy": 0.5323740839958191
}